1,google.com,172.217.168.206
2,youtube.com,172.217.168.238
3,tmall.com,140.205.130.99
4,baidu.com,220.181.38.148
5,qq.com,111.161.64.48
6,sohu.com,221.179.177.36
7,facebook.com,69.171.250.35
8,taobao.com,140.205.94.189
9,login.tmall.com,47.246.47.232
10,wikipedia.org,91.198.174.192
11,yahoo.com,98.138.219.231
12,360.cn,36.110.213.49
13,amazon.com,176.32.103.205
14,jd.com,120.52.148.118
15,sina.com.cn,123.126.55.41
16,live.com,204.79.197.212
17,reddit.com,151.101.193.140
18,weibo.com,36.51.254.234
19,pages.tmall.com,47.246.15.240
20,vk.com,93.186.225.193
21,netflix.com,54.171.21.76
22,blogspot.com,216.58.211.105
23,alipay.com,110.75.129.5
24,csdn.net,47.95.164.112
25,office.com,52.108.236.4
26,instagram.com,52.45.80.121
27,bing.com,13.107.21.200
28,okezone.com,202.80.220.218
29,yahoo.co.jp,182.22.59.229
30,xinhuanet.com,202.108.119.194
31,babytree.com,59.110.149.245
32,naver.com,125.209.222.142
33,livejasmin.com,109.71.161.200
34,microsoft.com,40.113.200.201
35,twitter.com,104.244.42.129
36,google.com.hk,172.217.17.99
37,ebay.com,66.135.196.249
38,stackoverflow.com,151.101.65.69
39,twitch.tv,151.101.130.167
40,yandex.ru,5.255.255.5
41,pornhub.com,66.254.114.41
42,tribunnews.com,180.240.134.85
43,aliexpress.com,198.11.132.250
44,google.co.in,172.217.17.35
45,ok.ru,217.20.155.13
46,msn.com,13.82.28.61
47,tianya.cn,124.225.65.154
48,soso.com,118.191.216.42
49,amazon.co.jp,52.119.161.5
50,microsoftonline.com,40.84.199.233
51,adobe.com,192.147.130.204
52,dropbox.com,162.125.248.1
53,apple.com,17.178.96.59
54,linkedin.com,108.174.10.10
55,mail.ru,94.100.180.200
56,bongacams.com,94.199.251.35
57,wordpress.com,192.0.78.9
58,imdb.com,52.94.228.167
59,booking.com,5.57.16.220
60,amazon.in,52.95.116.115
61,zhanqi.tv,112.124.44.92
62,panda.tv,180.163.251.24
63,hao123.com,39.156.68.154
64,china.com.cn,202.130.245.42
65,caijing.com.cn,124.243.192.30
66,google.de,172.217.17.35
67,myshopify.com,23.227.38.32
68,xvideos.com,185.88.181.5
69,mama.cn,119.145.147.177
70,so.com,42.236.9.70
71,google.com.br,172.217.20.99
72,gmw.cn,111.202.12.1
73,bbc.com,151.101.192.81
74,tumblr.com,66.6.33.31
75,trello.com,23.2.236.180
76,amazonaws.com,207.171.166.22
77,indeed.com,169.47.19.136
78,fandom.com,151.101.128.194
79,medium.com,104.16.123.127
80,amazon.co.uk,54.239.34.171
81,imgur.com,151.101.16.193
82,detail.tmall.com,121.42.17.239
83,spotify.com,104.199.240.211
84,google.co.jp,216.58.211.99
85,xhamster.com,88.208.29.180
86,google.ru,172.217.168.195
87,paypal.com,64.4.250.36
88,deloplen.com,88.85.82.153
89,pixnet.net,103.23.108.107
90,whatsapp.com,169.55.60.148
91,soundcloud.com,13.35.195.65
93,rednet.cn,115.159.159.215
94,cnn.com,151.101.1.67
95,amazon.de,176.32.108.185
96,google.fr,172.217.19.195
97,detik.com,203.190.242.211
98,stackexchange.com,151.101.193.69
99,google.it,216.58.211.99
100,aparat.com,185.147.178.13
101,google.es,172.217.17.35
102,nytimes.com,151.101.1.164
103,salesforce.com,96.43.145.26
104,espn.com,52.19.7.173
105,github.com,192.30.253.113
106,ettoday.net,219.85.79.131
107,huanqiu.com,106.75.116.76
108,chase.com,159.53.84.126
109,thestartmagazine.com,13.35.198.17
110,pinterest.com,151.101.192.84
111,walmart.com,161.170.232.170
112,nih.gov,54.235.145.223
113,youth.cn,123.103.5.94
114,sindonews.com,104.20.67.154
115,sogou.com,118.191.216.57
116,google.cn,172.217.17.67
117,roblox.com,209.206.41.229
118,theguardian.com,151.101.1.111
119,wikihow.com,151.101.66.110
120,cnet.com,64.30.228.118
121,yy.com,113.107.236.195
122,bbc.co.uk,151.101.0.81
123,shutterstock.com,18.213.104.153
124,google.com.tw,172.217.168.227
125,craigslist.org,208.82.237.226
126,17ok.com,120.133.17.148
127,globo.com,186.192.90.5
128,flipkart.com,163.53.78.128
129,1688.com,140.205.174.2
130,yao.tmall.com,195.59.70.252
131,google.com.mx,172.217.17.99
132,fiverr.com,104.18.254.23
133,slideshare.net,108.174.10.19
134,indiatimes.com,223.165.27.146
135,freepik.com,51.254.235.118
136,etsy.com,151.101.193.224
137,uol.com.br,200.221.2.45
138,alibaba.com,198.11.132.198
139,zendesk.com,34.206.241.1
140,51sole.com,58.82.234.47
141,discordapp.com,162.159.133.233
142,t.co,104.244.42.133
143,avito.ru,185.89.12.132
144,force.com,96.43.149.26
145,daum.net,211.231.99.17
146,google.co.uk,172.217.168.227
147,digikala.com,185.188.104.10
148,mercadolivre.com.br,13.35.198.5
149,kompas.com,202.61.113.35
150,cnblogs.com,101.37.97.51
151,rakuten.co.jp,133.237.61.176
152,vimeo.com,151.101.128.217
153,udemy.com,104.16.92.52
154,washingtonpost.com,23.216.241.33
155,wetransfer.com,52.17.170.122
156,ltn.com.tw,218.211.33.75
157,mediafire.com,104.19.194.29
158,xnxx.com,185.88.181.53
159,bilibili.com,106.75.240.122
160,google.com.tr,172.217.17.99
161,jrj.com.cn,117.121.12.17
162,ebay.de,66.135.195.175
163,zillow.com,13.224.241.117
164,google.com.sg,172.217.17.35
165,nicovideo.jp,133.152.43.29
166,canva.com,104.16.79.22
167,yelp.com,151.101.36.116
168,liputan6.com,54.169.240.197
169,intuit.com,2.19.156.79
170,ask.com,151.101.38.114
171,office365.com,13.90.213.204
172,bukalapak.com,103.117.82.24
173,wellsfargo.com,159.45.66.143
174,vice.com,3.210.214.67
175,aliyun.com,140.205.60.46
176,thepiratebay.org,104.27.216.28
177,w3schools.com,66.29.212.110
178,telegram.org,149.154.167.99
179,savefrom.net,31.24.224.56
180,archive.org,207.241.224.2
181,bet9ja.com,185.179.62.2
182,google.ca,172.217.17.131
183,godaddy.com,208.109.192.70
184,taboola.com,151.101.129.181
185,chaturbate.com,104.16.146.241
186,dailymotion.com,195.8.215.136
187,line.me,203.104.138.138
188,forbes.com,151.101.194.49
189,bestbuy.com,23.195.120.69
190,researchgate.net,209.15.209.74
191,grammarly.com,52.44.229.199
192,americanexpress.com,23.214.246.28
193,163.com,123.58.180.7
194,speedtest.net,151.101.130.219
195,cdstm.cn,183.222.96.252
196,3c.tmall.com,195.59.70.254
197,gome.com.cn,124.250.72.168
198,patria.org.ve,190.205.112.69
199,google.com.sa,216.58.211.99
200,grid.id,54.251.143.137
201,pixabay.com,104.18.82.97
202,amazon.fr,52.95.120.39
203,foxnews.com,88.221.165.121
204,xterca.net,172.64.130.4
205,youporn.com,66.254.114.79
206,google.com.eg,172.217.168.227
207,6.cn,111.11.31.225
208,businessinsider.com,151.101.1.171
209,baike.com,124.243.228.136
210,hdfcbank.com,104.18.94.72
211,airbnb.com,34.200.100.113
212,scribd.com,151.101.66.152
213,tripadvisor.com,192.229.182.112
214,amazon.ca,52.94.225.242
215,chouftv.ma,104.20.9.75
216,google.com.ar,172.217.20.99
217,jiameng.com,127.0.0.1
218,yts.lt,104.27.217.28
219,softonic.com,35.201.79.227
220,weather.com,104.73.135.98
221,duckduckgo.com,46.51.179.90
222,google.co.id,172.217.19.195
223,y2mate.com,104.23.131.73
224,fedex.com,204.135.13.175
225,healthline.com,13.224.241.103
226,ups.com,153.2.224.50
227,skype.com,40.115.34.155
228,google.co.th,172.217.17.67
229,spankbang.com,104.20.42.98
230,youm7.com,104.17.99.21
231,icicibank.com,203.27.235.25
232,usps.com,56.0.134.100
233,amazon.it,52.95.120.36
234,wix.com,185.230.63.164
235,capitalone.com,208.80.48.175
236,primevideo.com,13.35.198.29
237,fc2.com,34.212.55.67
238,food.tmall.com,47.246.3.235
239,onlinevideoconverter.com,94.228.214.149
240,unsplash.com,151.101.193.181
241,ebay.co.uk,66.135.196.249
242,gfycat.com,13.35.244.229
243,abs-cbn.com,104.215.191.114
244,egy.best,172.64.162.36
245,mozilla.org,63.245.208.195
246,messenger.com,69.171.250.15
247,ladbible.com,104.17.98.32
248,hotstar.com,13.35.198.44
249,amazon.es,52.95.116.112
250,mega.nz,89.44.169.135
251,ikea.com,216.87.148.114
252,setn.com,54.238.119.86
253,iqiyi.com,101.227.188.176
254,zoom.us,52.202.62.196
255,google.pl,172.217.168.227
256,evernote.com,35.190.29.187
257,momoshop.com.tw,175.99.129.238
258,varzesh3.com,94.182.163.52
259,tistory.com,211.231.108.151
260,eastday.com,61.129.65.103
261,sberbank.ru,194.54.14.159
262,cnbc.com,144.121.138.33
263,ebay-kleinanzeigen.de,194.50.69.193
264,uniqlo.tmall.com,198.11.188.78
265,asos.com,23.43.65.208
266,subject.tmall.com,203.119.213.251
267,nianhuo.tmall.com,213.244.178.254
268,behance.net,151.101.193.197
269,hulu.com,2.18.162.86
270,glassdoor.com,104.17.91.51
272,popads.net,216.21.13.13
273,dailymail.co.uk,23.222.48.28
274,thesaurus.com,151.101.130.133
275,manoramaonline.com,2.16.31.2
276,blogger.com,172.217.20.105
277,ndtv.com,23.222.53.146
278,breitbart.com,35.241.35.213
279,smallpdf.com,13.35.194.213
280,box.com,185.235.236.196
281,google.co.kr,172.217.20.99
282,dspmulti.com,188.42.162.141
283,rambler.ru,81.19.82.1
284,gamepedia.com,104.17.94.92
285,sciencedirect.com,162.159.129.81
286,bet365.com,5.226.176.16
287,quora.com,34.235.255.157
288,douban.com,154.8.131.165
289,list.tmall.com,140.205.170.62
290,zhihu.com,118.89.204.192
291,nvzhuang.tmall.com,47.246.47.233
292,samsung.com,211.45.27.231
293,otvfoco.com.br,104.18.204.222
294,pinimg.com,151.101.64.84
295,shaparak.ir,185.167.72.20
296,homedepot.com,35.201.95.83
297,allegro.pl,5.134.213.82
298,investing.com,185.94.84.100
299,slack.com,13.35.245.164
300,rt.com,82.202.190.90
301,divar.ir,79.175.141.111
302,l6b587txj1.com,213.174.153.229
303,nameketathar.pro,34.230.129.113
304,namnak.com,172.64.170.23
305,bloomberg.com,69.187.24.15
306,crptgate.com,93.93.51.223
307,deviantart.com,54.230.231.88
308,academia.edu,54.247.118.82
309,redd.it,151.101.129.140
310,jianshu.com,107.150.101.156
311,googlevideo.com,216.58.211.100
312,namasha.com,77.238.123.22
313,weebly.com,74.115.50.110
314,metropoles.com,54.175.102.161
315,google.com.au,172.217.17.35
316,goodreads.com,54.239.26.220
317,reverso.net,89.107.171.183
318,hespress.com,104.20.114.3
319,siteadvisor.com,161.69.17.94
320,ameblo.jp,2.19.155.119
323,target.com,151.101.2.187
324,mercadolibre.com.ar,13.35.198.33
325,instructure.com,54.165.95.219
326,sex.com,206.125.164.82
327,aol.com,124.108.115.87
328,tradingview.com,34.215.69.139
329,rakuten.com,203.190.58.50
330,google.com.ua,172.217.168.227
331,kinopoisk.ru,213.180.193.105
332,pulzo.com,54.230.122.112
333,doubleclick.net,172.217.19.206
334,ebc.net.tw,13.35.198.55
335,hp.com,15.73.192.108
336,kumparan.com,52.77.126.71
337,marca.com,52.174.157.78
338,patch.com,151.101.129.177
339,chinadaily.com.cn,111.13.49.147
340,myhome.tmall.com,47.246.48.233
341,stremanp.com,188.72.202.18
342,9gag.com,104.16.104.144
343,steamcommunity.com,95.101.195.133
344,hootsuite.com,3.209.200.243
345,huaban.com,115.231.100.109
346,mgid.com,64.58.116.132
347,scol.com.cn,125.64.41.214
348,elbalad.news,104.25.23.11
349,web.de,82.165.229.138
350,ilovepdf.com,104.20.0.94
351,buzzfeed.com,13.35.198.66
352,gismeteo.ru,185.134.201.6
353,naukri.com,54.251.99.37
354,olx.ua,13.35.198.4
355,susm0q6jys.com,198.134.112.242
357,xfinity.com,68.87.41.40
358,outbrain.com,50.31.142.18
359,surveymonkey.com,64.191.16.50
360,douyu.com,163.171.130.130
361,citi.com,192.193.102.176
362,idntimes.com,103.5.51.124
363,wikimedia.org,91.198.174.192
364,65vk1fba34.com,198.134.112.244
365,mercadolibre.com.mx,13.35.198.107
366,0byv9mgbn0.com,198.134.112.241
367,giphy.com,151.101.1.185
368,nypost.com,192.0.79.32
369,redtube.com,216.18.168.124
370,accuweather.com,2.19.147.35
371,leboncoin.fr,193.164.196.82
372,steampowered.com,95.100.136.151
373,yr9n47004g.com,198.134.112.244
374,geeksforgeeks.org,52.25.109.230
375,livejournal.com,81.19.74.6
376,sahibinden.com,85.111.30.111
377,verystream.com,104.20.132.131
378,suara.com,104.20.182.76
379,webmd.com,207.231.204.56
380,google.gr,172.217.17.35
381,dmm.co.jp,157.112.85.173
382,genius.com,104.17.213.67
383,webex.com,64.68.121.205
384,rehafitaltof.info,104.18.20.68
385,adp.com,170.146.93.56
386,patreon.com,104.16.6.49
387,1337x.to,104.31.16.3
388,irctc.co.in,103.252.142.18
390,livedoor.com,203.104.153.16
391,okta.com,23.21.220.245
392,google.com.vn,172.217.20.67
393,gmx.net,82.165.229.87
394,wsj.com,13.35.198.95
395,gosuslugi.ru,109.207.1.97
396,gap.tmall.com,198.11.188.13
397,cjl58f3agc.com,198.134.112.241
398,rezka.ag,212.8.252.60
399,usatoday.com,159.54.242.176
400,biobiochile.cl,67.43.7.192
401,cambridge.org,216.87.148.114
402,incometaxindiaefiling.gov.in,115.114.126.194
403,subscene.com,104.27.181.8
404,go.com,23.236.60.174
405,lee.tmall.com,198.11.188.78
406,indiamart.com,35.190.37.46
407,ouedkniss.com,51.38.63.233
408,104.com.tw,122.147.53.67
409,ninisite.com,104.20.68.156
410,51.la,14.17.102.104
411,myornamenti.com,198.134.112.243
412,justdial.com,2.20.194.183
413,gstatic.com,172.217.17.35
414,oracle.com,137.254.120.50
415,dell.com,143.166.135.105
416,uptodown.com,23.214.161.78
417,americanas.com.br,34.203.199.183
418,realtor.com,206.131.180.21
419,gearbest.com,23.5.108.178
421,bnsjb1ab1e.com,198.134.112.241
422,dkn.tv,104.17.159.54
423,expedia.com,52.26.234.148
424,issuu.com,54.165.227.22
425,amazon.cn,54.222.60.218
426,cnzz.com,42.156.162.55
427,zoho.com,8.39.54.155
428,namu.wiki,104.19.251.66
429,td.com,2.16.85.97
430,wp.pl,212.77.98.9
431,neiyi.tmall.com,47.246.50.233
432,flaticon.com,51.254.235.119
433,myway.com,74.113.237.64
434,zippyshare.com,145.239.9.15
435,kakaku.com,103.70.243.165
436,bankofamerica.com,171.159.228.150
437,getawesome2.com,172.64.103.25
438,flvto.biz,89.248.168.180
439,rediff.com,2.19.147.225
440,hotels.com,23.38.18.7
441,blog.me,125.209.214.79
442,reuters.com,52.2.61.110
443,olx.pl,13.35.198.87
444,spao.tmall.com,198.11.188.13
445,mathrubhumi.com,13.232.249.206
446,freelancer.com,54.209.19.165
447,taleo.net,68.233.77.233
448,ca.gov,104.42.152.82
449,files.wordpress.com,192.0.72.3
450,wish.com,54.193.122.148
451,slickdeals.net,159.180.84.9
452,trustpilot.com,18.203.8.76
453,wordreference.com,64.251.30.31
454,dawmal.com,188.72.202.129
455,squarespace.com,198.185.159.176
456,wattpad.com,104.16.108.12
457,crabsecret.tmall.com,198.11.188.78
458,meetup.com,151.101.130.110
459,aimer.tmall.com,198.11.188.13
460,atlassian.net,18.184.99.130
461,rutracker.org,195.82.146.214
462,google.co.ve,216.58.211.99
463,openload.co,104.16.166.50
464,sarkariresult.com,104.24.22.110
465,nike.com,146.197.184.71
466,2m.ma,104.20.13.136
467,cima4u.tv,104.24.10.72
468,mlb.com,209.102.213.14
469,coursera.org,13.35.198.50
470,fidelity.com,155.199.192.111
471,att.com,144.160.155.43
472,yandex.com,213.180.204.62
473,miao.tmall.com,47.89.65.197
474,wayfair.com,162.208.32.99
475,kaskus.co.id,103.6.117.2
476,sourceforge.net,216.105.38.13
477,udn.com,92.122.86.69
478,err.tmall.com,47.246.47.232
479,marriott.com,23.217.184.181
480,jf71qh5v14.com,198.134.112.242
481,moneycontrol.com,124.153.64.100
482,in.gr,213.133.127.247
483,inquirer.net,104.20.1.140
484,marketwatch.com,13.35.198.14
485,indoxx1.center,104.26.1.87
486,crunchyroll.com,104.20.18.239
487,vnexpress.net,111.65.250.2
488,lazada.sg,47.89.88.84
489,pandora.com,208.85.40.20
490,huffpost.com,124.108.115.103
491,11st.co.kr,113.217.247.100
492,gmanetwork.com,13.251.82.77
493,prnt.sc,104.25.251.35
494,merdeka.com,103.6.0.15
495,infobae.com,72.247.179.145
496,t-online.de,62.138.238.100
497,ensonhaber.com,104.20.59.198
498,ouo.io,104.20.1.139
499,elintransigente.com,192.0.66.2
500,thewhizproducts.com,34.224.59.99
501,norton.com,155.64.49.54
502,eksisozluk.com,176.53.43.6
503,ecosia.org,3.122.27.66
504,exoclick.com,94.23.144.230
505,investopedia.com,151.101.66.114
506,bolasport.com,3.0.140.51
507,google.ro,172.217.20.67
508,kissanime.ru,104.20.27.43
509,gamespot.com,64.30.228.81
510,padssup.com,198.134.112.241
511,weblio.jp,210.189.86.12
512,onet.pl,213.180.141.140
513,lordsfilms.tv,172.64.161.17
514,elwatannews.com,104.20.72.240
515,nur.kz,185.120.79.95
516,southwest.com,208.94.152.99
517,ivi.ru,91.233.219.154
518,google.com.pe,172.217.168.195
519,kickstarter.com,13.35.198.77
520,alodokter.com,104.24.31.48
521,google.com.pk,172.217.168.227
522,as.com,2.18.66.57
523,iqoption.com,185.117.134.18
524,lun.com,200.12.18.22
525,agoda.com,103.6.182.20
526,myanmarload.com,104.28.25.165
527,360.com,104.192.110.203
528,dcard.tw,104.16.105.87
529,rarbg.to,185.37.100.122
530,hh.ru,94.124.200.0
531,elsevier.com,43.245.43.18
532,khanacademy.org,13.224.241.29
533,bancodevenezuela.com,200.44.45.12
534,chron.com,98.129.228.59
535,delta.com,216.87.148.114
536,emol.com,200.12.26.60
537,google.dz,172.217.168.227
538,ria.ru,178.248.233.32
539,merriam-webster.com,192.229.173.26
540,t.me,149.154.167.99
541,hm.com,92.122.122.137
542,news18.com,180.179.160.115
543,google.co.za,216.58.208.99
544,telewebion.com,95.216.43.8
545,mailchimp.com,104.123.90.7
546,kompasiana.com,13.250.222.159
547,shopify.com,35.185.82.132
548,intoday.in,52.74.32.52
549,youdao.com,61.135.218.27
550,mileroticos.com,145.239.149.143
551,theepochtimes.com,151.139.128.10
552,userapi.com,87.240.190.64
553,shopee.tw,103.117.4.201
554,wildberries.ru,185.62.200.235
555,lifewire.com,151.101.2.114
556,fullhdfilmizlesene.net,95.130.170.179
557,creditkarma.com,23.2.221.142
558,paytm.com,52.74.236.202
559,ebay.com.au,66.135.195.175
560,jiwu.com,193.112.154.173
561,kapanlagi.com,203.12.21.5
562,tokopedia.com,47.74.244.18
563,cbsnews.com,64.30.228.126
564,asus.com,103.10.4.216
565,mxc.com,161.117.97.2
568,livedoor.jp,203.104.153.16
569,popcash.net,104.25.177.17
570,seznam.cz,77.75.75.176
572,drom.ru,185.44.0.26
574,free.fr,212.27.48.10
575,freshdesk.com,13.35.198.64
576,istockphoto.com,13.35.198.63
577,newegg.com,92.122.149.8
578,goo.ne.jp,153.254.147.65
579,thefreedictionary.com,85.195.124.227
580,kijiji.ca,195.78.85.110
581,banggood.com,169.48.178.254
582,heavy.com,192.0.79.34
583,myworkday.com,209.177.165.18
584,op.gg,1.201.136.217
585,vseigru.net,178.162.215.85
586,gmarket.co.kr,117.52.47.78
587,bitly.com,67.199.248.14
588,nikkei.com,76.223.28.162
589,tutorialspoint.com,94.130.81.180
590,world.tmall.com,195.59.70.252
591,souq.com,52.209.180.7
592,mi.com,58.83.160.156
593,urbandictionary.com,151.101.0.207
594,3movierulz.tv,172.64.131.29
595,nbcnews.com,52.39.105.74
596,blackboard.com,69.196.244.99
597,81.cn,120.52.72.50
598,caixa.gov.br,200.201.165.253
599,jw.org,2.19.152.89
600,atlassian.com,18.184.99.149
601,cimaclub.com,104.24.18.6
602,daurifek.net,5.11.81.29
603,pixiv.net,210.140.131.219
604,leagueoflegends.com,18.194.217.45
605,timeanddate.com,209.68.24.127
606,gds.it,92.222.242.80
607,canada.ca,205.193.117.159
608,duolingo.com,54.165.40.136
609,indiatoday.in,23.200.87.182
610,kayak.com,151.101.193.29
611,brilio.net,103.6.0.121
612,kinokrad.co,94.198.242.19
613,nownews.com,104.20.87.213
614,alwafd.news,104.27.135.53
615,aa.com,23.217.232.252
616,langsha.tmall.com,198.11.188.78
617,battle.net,137.221.106.104
618,gsmarena.com,148.251.77.209
619,cnnindonesia.com,203.190.242.254
620,olx.com.br,13.35.198.47
621,lenta.ru,81.19.72.57
622,elpais.com,2.18.66.57
623,kakao.com,110.76.141.122
624,verizonwireless.com,137.188.80.90
625,epwk.com,121.40.97.32
626,costco.com,170.167.117.81
627,wiktionary.org,91.198.174.192
628,ozon.ru,45.60.40.164
629,ign.com,34.232.241.123
630,uidai.gov.in,103.58.114.101
631,epfindia.gov.in,164.100.160.96
632,google.be,172.217.168.195
633,beytoote.com,184.154.69.154
634,drudgereport.com,104.20.97.6
635,concursolutions.com,2.18.169.76
636,vidstream.top,172.64.140.6
637,groupon.com,2.18.172.235
638,lenovo.com,2.22.192.163
639,visualstudio.com,13.107.42.18
640,hotnewhiphop.com,45.61.5.243
641,quizlet.com,104.16.15.221
642,neobux.com,104.16.40.15
643,rbc.ru,185.72.229.13
644,abola.pt,193.126.232.45
645,ptt.cc,140.112.172.2
646,macys.com,2.23.104.252
647,feedly.com,104.20.59.241
648,chess.com,68.71.245.5
649,tempo.co,13.251.168.238
650,state.gov,72.166.186.169
651,fmovies.to,104.31.16.3
652,kooora.com,45.60.63.37
653,hubspot.com,104.16.253.5
654,beeg.com,192.243.54.98
655,google.cl,172.217.17.99
656,shouji.tmall.com,47.246.43.231
657,zol.com.cn,123.103.57.17
658,bhphotovideo.com,74.113.188.100
659,canalrcn.com,52.0.140.79
660,mercadolibre.com.ve,209.225.49.90
661,hesport.com,104.25.91.17
662,dmm.com,157.112.85.174
663,sonhoo.com,125.77.194.216
664,united.com,23.43.24.133
665,javdoe.tv,104.27.190.95
666,usnews.com,23.222.47.77
667,gamer.com.tw,104.16.181.30
668,scofield.tmall.com,198.11.188.13
669,upwork.com,104.18.90.237
670,ea.com,2.20.36.80
671,gretaith.com,78.140.190.116
672,tencent.com,203.205.158.34
673,motorsport.com,34.202.191.188
674,uod2quk646.com,198.134.112.241
675,discuss.com.hk,104.20.170.49
676,orange.fr,193.252.133.34
677,myworkdayjobs.com,127.0.0.1
678,lining.tmall.com,198.11.188.78
679,jooble.org,88.208.61.137
680,gotowebinar.com,216.115.208.242
681,klix.ba,104.20.215.32
682,engadget.com,124.108.115.87
683,discover.com,72.246.101.19
684,ytmp3.cc,88.212.246.252
685,espncricinfo.com,34.252.185.118
686,bankmellat.ir,176.56.156.137
687,uber.com,104.36.195.230
688,tenki.jp,153.125.234.6
689,shein.com,35.162.69.199
690,depositphotos.com,135.84.52.6
691,lafuma.tmall.com,198.11.188.13
692,discogs.com,216.151.17.150
693,chinaz.com,117.25.139.69
694,blibli.com,103.229.76.142
695,royalbank.com,216.87.148.114
696,mit.edu,23.43.29.195
697,libero.it,213.209.17.209
698,andhrajyothy.com,103.24.202.89
699,mixer.com,151.101.66.2
700,wp.com,192.0.78.25
701,cam4.com,217.22.17.248
702,deepl.com,185.22.135.156
703,zerodha.com,104.16.215.247
704,hurriyet.com.tr,34.249.120.252
705,albawabhnews.com,104.31.79.167
706,coinloan.io,104.24.1.91
707,cinecalidad.to,104.31.6.173
708,springer.com,195.128.8.134
709,rottentomatoes.com,52.11.155.253
710,lowes.com,88.221.179.225
711,spiegel.de,128.65.210.8
712,minecraft.net,13.35.195.37
713,shimo.im,47.95.42.129
714,nhentai.net,141.101.120.54
715,ibm.com,129.42.38.10
716,cdiscount.com,185.94.140.30
717,viva.co.id,104.16.59.50
718,gov.ao,154.116.255.20
719,jpmorganchase.com,159.53.224.19
720,gizmodo.com,151.101.2.166
721,dictionary.com,151.101.66.133
722,xe.com,54.236.224.64
723,txxx.com,104.20.72.110
724,wiley.com,63.97.118.67
725,aldar.ma,35.178.187.112
726,inc.com,151.101.194.58
727,toutiao.com,123.58.9.80
728,reclameaqui.com.br,107.154.102.99
729,techradar.com,185.113.25.56
730,impress.co.jp,203.183.234.2
731,bandcamp.com,151.101.65.28
732,google.az,172.217.168.196
733,farfetch.com,23.44.197.221
734,www.gob.mx,23.2.237.129
735,eland.tmall.com,198.11.188.78
736,squareup.com,74.122.190.83
737,ticketmaster.com,92.122.148.61
738,atedsuntaining.info,104.18.11.23
739,prothomalo.com,208.185.115.129
740,google.co.ao,172.217.168.195
741,myanimelist.net,52.35.97.237
742,irs.gov,152.216.11.110
743,qoo10.sg,52.74.251.10
744,nyaa.si,185.178.208.182
745,youjizz.com,216.18.168.162
746,nike.tmall.com,198.11.188.13
747,nanxie.tmall.com,47.246.50.232
748,asana.com,151.101.1.184
749,best2019-games-web1.com,104.31.90.201
750,kinogo.by,104.25.188.28
751,socialblade.com,104.25.102.115
752,autodesk.com,23.21.189.113
753,enimerotiko.gr,136.243.34.164
754,narcity.com,104.16.50.76
755,howtogeek.com,23.92.23.113
756,addthis.com,208.51.38.241
757,icloud.com,17.253.144.10
758,animeflv.net,104.24.28.35
759,php.net,185.85.0.29
760,kknews.cc,104.20.201.9
761,internetdownloadmanager.com,169.55.40.5
762,motor1.com,52.44.79.123
763,calvinklein.tmall.com,198.11.188.78
764,mobile.de,194.50.69.124
765,medicalnewstoday.com,13.35.198.100
766,lachapelle.tmall.com,198.11.188.13
767,qualtrics.com,23.21.43.10
768,114la.com,39.107.146.250
769,cncn.org.cn,116.62.48.35
770,people.com,52.85.250.81
771,donga.com,210.115.155.100
772,service-now.com,199.91.140.115
773,semir.tmall.com,198.11.188.78
774,billdesk.com,210.210.24.66
775,watch.tmall.com,47.89.65.196
776,seasonvar.ru,104.22.2.13
777,cricbuzz.com,35.200.167.142
778,usbank.com,170.135.184.254
779,126.com,123.126.96.210
780,privatbank.ua,52.214.149.197
781,teachable.com,104.19.239.117
782,vidio.com,35.190.27.84
784,dafont.com,178.33.63.127
785,kerumal.com,88.85.66.237
786,custhelp.com,74.117.206.70
787,qiannaimei.tmall.com,198.11.188.13
788,urfs.tmall.com,198.11.188.78
789,myntra.com,2.17.148.181
790,gyazo.com,35.186.213.112
791,yeniakit.com.tr,104.20.48.210
792,earthmusic.tmall.com,198.11.188.13
793,google.at,172.217.168.227
794,envato.com,104.18.253.82
795,google.com.co,172.217.17.67
796,tonlion.tmall.com,198.11.188.78
797,4399.com,118.184.184.70
798,cnnic.cn,159.226.6.133
799,semanticscholar.org,52.33.158.157
800,iyiou.com,47.104.92.218
801,pelisplus.co,104.27.164.20
802,4chan.org,104.17.136.89
803,n11.com,176.41.133.10
804,yespornplease.com,104.31.113.30
805,legit.ng,2.20.69.16
806,123rf.com,103.14.245.12
807,honeys.tmall.com,198.11.188.13
808,filimo.com,185.147.178.23
809,hepsiburada.com,193.28.225.200
810,superuser.com,151.101.193.69
811,pngtree.com,54.92.39.18
812,labanquepostale.fr,83.206.67.137
813,wordpress.org,198.143.164.252
814,getpocket.com,52.20.52.193
815,auction.co.kr,183.111.131.60
817,flashscore.com,34.96.84.62
818,urdupoint.com,104.17.14.38
819,fast.com,104.73.133.75
820,www.gov.uk,151.101.36.144
821,clarin.com,104.18.19.22
822,basichouse.tmall.com,198.11.188.78
823,nanzhuang.tmall.com,47.246.47.233
824,mayoclinic.org,129.176.217.220
825,anta.tmall.com,198.11.188.13
826,teacherspayteachers.com,52.21.176.249
827,baixing.com,118.194.51.9
828,google.ch,172.217.17.67
829,repubblica.it,213.92.16.101
830,peacebird.tmall.com,198.11.188.78
831,pole-emploi.fr,109.26.209.209
832,efu.com.cn,162.159.233.207
833,playstation.com,209.200.152.198
834,uupo.icu,104.28.20.191
835,prom.ua,193.34.169.17
836,nairaland.com,104.20.239.22
837,discoveryexpedition.tmall.com,198.11.188.13
838,asriran.com,94.182.146.195
839,avgle.com,104.27.154.26
840,prezi.com,34.224.210.149
841,apkpure.com,104.20.83.194
842,news.com.au,92.122.148.182
843,dw.com,194.55.26.46
844,ultimate-guitar.com,178.18.22.152
845,europa.eu,147.67.210.45
846,wowhead.com,159.180.84.14
847,lapatilla.com,104.27.134.69
848,independent.co.uk,151.101.65.184
849,caf.fr,195.101.92.10
850,creditonebank.com,65.154.255.209
851,focus.cn,123.126.104.8
852,pantip.com,103.208.26.136
854,zomato.com,92.123.164.250
855,kohls.com,104.123.94.49
856,android.com,172.217.168.196
857,ukr.net,212.42.76.252
858,propdfconverter.com,35.244.218.203
859,jio.com,49.40.8.179
860,dianping.com,203.76.216.1
861,gazeta.ru,81.19.72.5
863,hibapress.com,104.28.28.75
864,maniform.tmall.com,198.11.188.78
865,smartsheet.com,204.2.135.79
866,threegun.tmall.com,198.11.188.13
867,cnbeta.com,125.90.93.20
868,forever21.tmall.com,198.11.188.78
869,interpark.com,211.233.74.23
870,setare.com,185.141.244.12
871,schwab.com,162.93.215.103
872,shopee.co.id,124.158.128.33
873,thesun.co.uk,192.0.66.2
874,t-mobile.com,45.60.11.176
875,ebay.fr,66.135.196.249
876,ana.co.jp,23.43.26.7
877,zara.com,23.212.225.99
878,milanuncios.com,13.35.245.44
879,360doc.com,39.106.173.98
880,thewhizmarketing.com,34.224.59.99
881,mashable.com,165.254.127.25
882,bild.de,145.243.248.20
883,chosun.com,13.209.227.83
884,provincial.com,190.216.248.247
885,yjc.ir,94.182.146.12
886,zougla.gr,195.154.207.165
887,livescore.com,35.186.243.87
888,angop.ao,196.29.207.20
889,fazenda.gov.br,189.9.129.173
890,sbrf.ru,194.54.14.129
891,hatena.ne.jp,54.64.59.84
892,kp.ru,95.163.94.239
893,lanacion.com.ar,190.220.57.132
894,dai.tmall.com,47.246.43.232
895,uzone.id,36.86.63.186
896,filehippo.com,107.178.253.206
897,themeforest.net,104.18.31.233
898,bzw315.com,117.25.143.81
899,yout.com,174.138.59.178
900,npr.org,216.35.221.76
901,runoob.com,42.156.141.17
902,z1.fm,104.20.10.225
903,jeanswest.tmall.com,198.11.188.13
904,dawn.com,104.20.10.120
905,lifo.gr,78.159.101.31
906,mycdn.me,217.20.152.226
907,dickies.tmall.com,198.11.188.78
908,sputniknews.com,178.248.233.26
909,jimdo.com,151.101.194.2
910,kolonsport.tmall.com,198.11.188.13
911,topshop.tmall.com,198.11.188.78
912,abril.com.br,192.0.78.12
913,expressvpn.com,13.35.198.84
914,pikabu.ru,91.228.155.121
915,ebay.it,66.135.195.175
916,google.com.my,172.217.20.67
917,constintptr.com,206.54.165.159
918,premierleague.com,52.3.63.183
919,mawdoo3.com,151.101.194.202
920,coinmarketcap.com,104.17.138.178
921,biblegateway.com,13.35.198.127
922,transferwise.com,104.16.40.16
923,17track.net,202.181.145.136
924,worldofwarcraft.com,54.76.237.3
925,payu.in,180.179.174.12
926,list-manage.com,205.201.132.96
927,minuto30.com,13.33.57.123
928,digitaltrends.com,207.198.114.125
930,1xfsy.world,83.147.201.218
931,strava.com,54.152.121.193
932,wunderground.com,92.122.150.50
933,cbssports.com,216.239.116.100
934,elmundo.es,168.63.31.52
935,avg.com,69.94.64.29
936,makeuseof.com,34.233.102.111
937,car.tmall.com,47.246.15.239
938,ntdtv.kr,104.20.218.129
940,google.hu,172.217.17.131
941,wt.tmall.com,203.119.213.251
942,harvard.edu,23.185.0.1
943,trendingnow.video,50.63.202.36
944,pexels.com,104.17.208.102
945,zing.vn,118.102.1.119
946,farsnews.com,178.22.78.1
947,gusuwang.com,122.228.238.108
948,dailypost.ng,104.25.164.11
949,curseforge.com,104.19.146.132
950,dailycaller.com,104.20.222.36
951,google.ae,172.217.168.195
952,fairwhale.tmall.com,198.11.188.13
953,alicdn.com,140.205.77.240
954,skroutz.gr,185.6.76.42
955,jia.tmall.com,195.59.70.252
956,3dmgame.com,180.101.45.119
957,blog.jp,203.104.150.138
958,folha.uol.com.br,200.221.7.117
959,uptobox.com,104.20.68.21
960,new3c.tmall.com,47.246.15.239
961,ryanair.com,216.146.46.11
962,afip.gob.ar,200.1.116.6
963,cnki.net,103.227.81.121
964,fararu.com,94.182.146.222
965,gainreel.tmall.com,198.11.188.78
966,sports.tmall.com,47.246.3.235
967,baby.tmall.com,195.59.70.254
968,septwolves.tmall.com,198.11.188.13
969,joins.com,218.145.68.187
970,hk01.com,13.35.198.98
971,check-these-girls-on.live,213.227.145.147
972,dhl.com,165.72.192.33
973,triumph.tmall.com,198.11.188.78
974,powerbi.com,137.116.81.69
975,trulia.com,198.176.43.184
976,ih5.cn,114.55.92.246
977,gjirafa.com,104.25.57.18
978,dreamstime.com,50.23.192.82
979,sabq.org,104.16.44.64
980,jpnn.com,104.28.8.164
981,dcinside.com,121.125.60.151
982,epochtimes.com,107.178.245.188
983,mercari.com,13.35.198.29
984,google.com.ph,216.58.208.99
985,viber.com,184.27.181.126
986,pnc.com,23.195.133.229
987,cabbeen.tmall.com,198.11.188.13
988,poste.it,62.241.12.20
989,teamviewer.com,13.95.16.245
990,sanjesh.org,92.242.195.4
991,audible.com,54.239.29.73
992,oschina.net,120.55.226.24
993,club-k.net,72.52.216.157
994,sakshi.com,13.35.198.75
995,mosaiquefm.net,91.134.119.98
996,crhoy.com,104.24.11.111
997,reverb.com,151.101.66.77
998,amazon.com.br,72.21.203.171
999,ku.tmall.com,47.246.50.233
1000,copts-united.com,185.67.192.19
1001,ziprecruiter.com,104.16.176.190
1002,epicgames.com,52.7.233.241
1003,bag.tmall.com,47.246.3.235
1004,cisco.com,72.163.4.185
1005,scmp.com,104.17.184.66
1006,imis.tmall.com,198.11.188.78
1007,gazetaexpress.com,104.28.1.182
1008,gucn.tmall.com,198.11.188.13
1009,bookmyshow.com,104.16.124.37
1010,aastocks.com,113.28.162.189
1011,zapmeta.ws,146.177.11.177
1012,tsetmc.com,77.238.123.171
1013,bol.uol.com.br,200.221.64.39
1014,5ch.net,104.18.233.150
1015,manyvids.com,13.35.198.97
1016,axisbank.com,2.18.163.28
1017,huawei.com,45.249.212.124
